,id,name,avg_daily_income
0,30634044,艾定飞,0.0007740443445413918
1,30277862,艾小军,0.00020123207560091705
2,30074174,安昀,0.0002694258917660143
